horizon,test_rows,mae_normalized,mae_risk_points
10s,20,0.116807,11.681
20s,20,0.35458,35.458
30s,20,0.394301,39.43
